,belief,endTime,startTime,state,uncertaintyLower,uncertaintyUpper,usertoken,varIndex,vars,visGroup
0,0.6918479600478782,1582573704932,1582573623045,draw1,0.43428537000168643,0.9494105500940704,aW7m7bgp,0,Income tax rate_Poverty rate,scatter
1,0.3756217987516475,1582573781100,1582573732570,draw2,0.19394666352534418,0.557296933977951,aW7m7bgp,0,Income tax rate_Poverty rate,scatter
2,0.8143387168809226,1582573844013,1582573784746,draw1,0.5160298869719857,1.0,aW7m7bgp,1,Vaccination rate_Rate of illness,scatter
3,-0.7393314565847953,1582573873122,1582573859656,draw2,-0.9478622162943755,-0.530800696875215,aW7m7bgp,1,Vaccination rate_Rate of illness,scatter
4,0.4031833210774105,1582573890600,1582573876541,draw1,0.25176967600539224,0.5545969661494285,aW7m7bgp,2,Immigrant population_Economic growth,scatter
5,-0.021850664568820788,1582573956742,1582573904790,draw2,-1.0,0.9562986708623584,aW7m7bgp,2,Immigrant population_Economic growth,scatter
6,0.9006673420609186,1582573973626,1582573960614,draw1,0.6934505310220584,1.0,aW7m7bgp,3,Government spending_Budget deficit,scatter
7,0.7329645711766286,1582573987713,1582573976692,draw2,0.4634533760230657,1.0,aW7m7bgp,3,Government spending_Budget deficit,scatter
8,0.14934895667865877,1582574003281,1582573991587,draw1,-0.09892991890239694,0.39762783225971443,aW7m7bgp,4,Labor union participation_Corporate profits,scatter
9,-0.015816648644916498,1582574015645,1582574006592,draw2,-1.0,1.0,aW7m7bgp,4,Labor union participation_Corporate profits,scatter
10,-0.3498016802722597,1582574058272,1582574044640,draw1,-0.5708138802413067,-0.12878948030321297,aW7m7bgp,5,Exercise amount_Body weight,hop
11,-0.39336512249409394,1582574092719,1582574065334,draw2,-0.8396124996285668,0.0528822546403791,aW7m7bgp,5,Exercise amount_Body weight,hop
12,0.32257181026955917,1582574104489,1582574095027,draw1,-0.3133140346445644,0.9584576551836828,aW7m7bgp,6,Temperature_Crime rate,hop
13,0.35922925796689853,1582574120055,1582574108821,draw2,-0.05532602865868691,0.773784544592484,aW7m7bgp,6,Temperature_Crime rate,hop
14,-0.903242884346761,1582574135166,1582574123000,draw1,-1.0,-0.7200047981162729,aW7m7bgp,7,Temperature_Sales of Mittens,hop
15,-1.0,1582574148938,1582574140601,draw2,-1.0,-0.75429294606059,aW7m7bgp,7,Temperature_Sales of Mittens,hop
16,1.0,1582574158739,1582574151713,draw1,0.8488690603850424,1.0,aW7m7bgp,8,Weight_Price,hop
17,0.9806807194704359,1582574169560,1582574163589,draw2,0.7765737678614459,1.0,aW7m7bgp,8,Weight_Price,hop
18,0.08822759956224524,1582574178546,1582574171840,draw1,-0.13456241271480596,0.31101761183929666,aW7m7bgp,9,Yearly income_Height,hop
19,0.0004467136231995905,1582574192381,1582574183651,draw2,-0.05086754663462556,0.05176097388102452,aW7m7bgp,9,Yearly income_Height,hop
20,0.28495270336934597,1582573913389,1582573873512,draw1,-0.022060742010385548,0.5919661487490777,L4Gu6NNC,0,Income tax rate_Poverty rate,scatter
21,-0.3651745195741664,1582573938577,1582573926958,draw2,-0.8465565582296297,0.116207519081297,L4Gu6NNC,0,Income tax rate_Poverty rate,scatter
22,0.40971706130606966,1582573956466,1582573941327,draw1,-0.058925149442372815,0.8783592720545121,L4Gu6NNC,1,Government spending_Budget deficit,scatter
23,0.8805163764851469,1582573965867,1582573959969,draw2,0.6416000577543826,1.0,L4Gu6NNC,1,Government spending_Budget deficit,scatter
24,0.5267427913381977,1582573977236,1582573967608,draw1,0.2822635056099496,0.771222077066446,L4Gu6NNC,2,Immigrant population_Economic growth,scatter
25,0.5538193099191464,1582573991952,1582573982476,draw2,0.1371426183792923,0.9704960014590003,L4Gu6NNC,2,Immigrant population_Economic growth,scatter
26,-0.09227959378556866,1582574007894,1582573994378,draw1,-0.4114437437753318,0.22688455620419457,L4Gu6NNC,3,Labor union participation_Corporate profits,scatter
27,0.2423603716477365,1582574020224,1582574013050,draw2,-0.11594734915002286,0.6006680924454957,L4Gu6NNC,3,Labor union participation_Corporate profits,scatter
28,-0.6764720639109654,1582574037710,1582574022124,draw1,-1.0,-0.3529441278219307,L4Gu6NNC,4,Vaccination rate_Rate of illness,scatter
29,-0.9371640270015704,1582574045776,1582574040192,draw2,-1.0,-0.8743280540031411,L4Gu6NNC,4,Vaccination rate_Rate of illness,scatter
30,0.36034948756094143,1582574072072,1582574060398,draw1,-0.1491566123193615,0.8698555874412444,L4Gu6NNC,5,Temperature_Crime rate,hop
31,0.24669007979587065,1582574090584,1582574084699,draw2,-0.21524625717024287,0.7086264167619838,L4Gu6NNC,5,Temperature_Crime rate,hop
32,0.2698838670913972,1582574100420,1582574092459,draw1,-0.015554113568685024,0.5553218477514794,L4Gu6NNC,6,Yearly income_Height,hop
33,0.1883888826786524,1582574115521,1582574109543,draw2,-0.3608779628116374,0.737655728168942,L4Gu6NNC,6,Yearly income_Height,hop
34,0.34709590681216995,1582574129874,1582574117202,draw1,-0.0530004816927081,0.7471922953170482,L4Gu6NNC,7,Exercise amount_Body weight,hop
35,-0.26762939738391106,1582574142126,1582574136944,draw2,-0.6798482394884895,0.14458944472066748,L4Gu6NNC,7,Exercise amount_Body weight,hop
36,-0.7166177362270449,1582574165671,1582574144132,draw1,-1.0,-0.26053516183010506,L4Gu6NNC,8,Temperature_Sales of Mittens,hop
37,-0.9489426695384884,1582574173061,1582574168730,draw2,-1.0,-0.7189471760065438,L4Gu6NNC,8,Temperature_Sales of Mittens,hop
38,0.5319850421604715,1582574182292,1582574175096,draw1,0.0876642464472448,0.9763058378736982,L4Gu6NNC,9,Weight_Price,hop
39,0.8198369545348521,1582574189312,1582574184334,draw2,0.6589976450905577,0.9806762639791464,L4Gu6NNC,9,Weight_Price,hop
40,0.26905187078977466,1582573697434,1582573645961,draw1,-0.06788249221258091,0.60598623379213,UBK26Eec,0,Government spending_Budget deficit,scatter
41,0.764551659226473,1582573727523,1582573708988,draw2,0.5958403051751835,0.9332630132777626,UBK26Eec,0,Government spending_Budget deficit,scatter
42,-0.6991640948792655,1582573779240,1582573732177,draw1,-1.0,-0.36499445802708447,UBK26Eec,1,Vaccination rate_Rate of illness,scatter
43,-0.923074128340851,1582573800064,1582573790023,draw2,-1.0,-0.5665380901547699,UBK26Eec,1,Vaccination rate_Rate of illness,scatter
44,-0.36731308370709526,1582573859030,1582573807573,draw1,-0.839889735355672,0.1052635679414815,UBK26Eec,2,Labor union participation_Corporate profits,scatter
45,-0.1329567817730164,1582573885208,1582573868718,draw2,-1.0,1.0,UBK26Eec,2,Labor union participation_Corporate profits,scatter
46,0.24719864721649087,1582573965698,1582573889737,draw1,-0.24460744695592207,0.739004741388904,UBK26Eec,3,Income tax rate_Poverty rate,scatter
47,-1.0,1582574018290,1582573982213,draw2,-1.0,0.20642435338189036,UBK26Eec,3,Income tax rate_Poverty rate,scatter
48,0.251008231784134,1582574047750,1582574023978,draw1,-0.13670415529943636,0.6387206188677044,UBK26Eec,4,Immigrant population_Economic growth,scatter
49,0.2320568578716189,1582574078794,1582574056234,draw2,-0.5358862842567622,1.0,UBK26Eec,4,Immigrant population_Economic growth,scatter
50,0.2107481386387866,1582574131214,1582574119885,draw1,-0.5785037227224268,1.0,UBK26Eec,5,Yearly income_Height,hop
51,0.16389391735201264,1582574150210,1582574142451,draw2,-0.9442092958600179,1.0,UBK26Eec,5,Yearly income_Height,hop
52,0.9893960515300546,1582574171844,1582574154001,draw1,0.7939403030578667,1.0,UBK26Eec,6,Weight_Price,hop
53,1.0,1582574183221,1582574176381,draw2,0.7890577175612528,1.0,UBK26Eec,6,Weight_Price,hop
54,-0.6054981406070725,1582574202686,1582574184911,draw1,-0.8378223464352472,-0.3731739347788978,UBK26Eec,7,Exercise amount_Body weight,hop
55,-0.605792115633186,1582574219422,1582574207537,draw2,-1.0,0.01401341880025675,UBK26Eec,7,Exercise amount_Body weight,hop
56,-0.7867197500677827,1582574244132,1582574221971,draw1,-1.0,-0.5280651102689211,UBK26Eec,8,Temperature_Sales of Mittens,hop
57,-0.9917436056086995,1582574255185,1582574248316,draw2,-1.0,-0.6862489960380502,UBK26Eec,8,Temperature_Sales of Mittens,hop
58,0.3033983896020245,1582574265913,1582574256829,draw1,-0.28052674909866626,0.887323528302715,UBK26Eec,9,Temperature_Crime rate,hop
59,0.5138310906681207,1582574277726,1582574270719,draw2,-0.20098239417803626,1.0,UBK26Eec,9,Temperature_Crime rate,hop
60,0.32983696988789224,1582573895600,1582573852416,draw1,0.2607250360029534,0.3989489037728311,4YKZ9oBT,0,Labor union participation_Corporate profits,scatter
61,-0.8939252480021795,1582573958054,1582573933003,draw2,-0.9013207964889154,-0.8865296995154437,4YKZ9oBT,0,Labor union participation_Corporate profits,scatter
62,-0.771174210341758,1582573986619,1582573966335,draw1,-0.8938537399553586,-0.6484946807281577,4YKZ9oBT,1,Vaccination rate_Rate of illness,scatter
63,-0.9333237409486412,1582574003658,1582573995360,draw2,-1.0,-0.8666474818972827,4YKZ9oBT,1,Vaccination rate_Rate of illness,scatter
64,0.746461801918382,1582574023188,1582574010502,draw1,0.6925079414732283,0.8004156623635355,4YKZ9oBT,2,Government spending_Budget deficit,scatter
65,0.9286939595607628,1582574036762,1582574029671,draw2,0.9134454241559891,0.9439424949655373,4YKZ9oBT,2,Government spending_Budget deficit,scatter
66,-1.0,1582574058937,1582574043613,draw1,-1.0,-1.0,4YKZ9oBT,3,Income tax rate_Poverty rate,scatter
67,-1.0,1582574083145,1582574075780,draw2,-1.0,-0.9093814178140047,4YKZ9oBT,3,Income tax rate_Poverty rate,scatter
68,0.9051250260087456,1582574102134,1582574093087,draw1,0.8524819556353103,0.9577680963821811,4YKZ9oBT,4,Immigrant population_Economic growth,scatter
69,0.5338551819629247,1582574112914,1582574107304,draw2,0.5084242629355022,0.5592861009903474,4YKZ9oBT,4,Immigrant population_Economic growth,scatter
70,0.4221806061551503,1582574145192,1582574136925,draw1,0.4191713452979451,0.4251898670123555,4YKZ9oBT,5,Temperature_Crime rate,band
71,0.4860810611269828,1582574170848,1582574155949,draw2,0.4616502886632232,0.5105118335907426,4YKZ9oBT,5,Temperature_Crime rate,band
72,0.39383278170646063,1582574186306,1582574175484,draw1,0.33821434213053614,0.4494512212823849,4YKZ9oBT,6,Weight_Price,band
73,1.0,1582574204951,1582574191934,draw2,1.0,1.0,4YKZ9oBT,6,Weight_Price,band
74,-0.38346645631393694,1582574219221,1582574209453,draw1,-0.4064530506881714,-0.36047986193970255,4YKZ9oBT,7,Exercise amount_Body weight,band
75,-0.3575963431128137,1582574233697,1582574225097,draw2,-0.3824812389273769,-0.33271144729825025,4YKZ9oBT,7,Exercise amount_Body weight,band
76,0.3502092662316474,1582574247115,1582574237067,draw1,0.32682910156461564,0.37358943089867935,4YKZ9oBT,8,Temperature_Sales of Mittens,band
77,-0.6055797842138344,1582574265661,1582574255982,draw2,-0.6635244151468127,-0.5476351532808561,4YKZ9oBT,8,Temperature_Sales of Mittens,band
78,0.3825247169217152,1582574276540,1582574269699,draw1,0.35195411853266867,0.41309531531076193,4YKZ9oBT,9,Yearly income_Height,band
79,0.46159813808552275,1582574320048,1582574296097,draw2,0.3837620558433543,0.5394342203276918,4YKZ9oBT,9,Yearly income_Height,band
80,-0.9915764256044963,1582573912731,1582573859120,draw1,-1.0,-0.01095075980221244,47bZfqrl,0,Labor union participation_Corporate profits,scatter
81,-1.0,1582573944254,1582573920508,draw2,-1.0,-0.17738341136362307,47bZfqrl,0,Labor union participation_Corporate profits,scatter
82,1.0,1582573974664,1582573949594,draw1,-0.04103712874206322,1.0,47bZfqrl,1,Immigrant population_Economic growth,scatter
83,1.0,1582574008797,1582573978016,draw2,0.08258740625626526,1.0,47bZfqrl,1,Immigrant population_Economic growth,scatter
84,-0.8582436931989523,1582574023700,1582574010958,draw1,-1.0,-0.7164873863979047,47bZfqrl,2,Government spending_Budget deficit,scatter
85,-1.0,1582574044432,1582574026689,draw2,-1.0,-0.3925122555718316,47bZfqrl,2,Government spending_Budget deficit,scatter
86,1.0,1582574065345,1582574046792,draw1,-0.030469759070476388,1.0,47bZfqrl,3,Income tax rate_Poverty rate,scatter
87,1.0,1582574082824,1582574068241,draw2,0.8453028440383921,1.0,47bZfqrl,3,Income tax rate_Poverty rate,scatter
88,1.0,1582574094085,1582574084729,draw1,-0.02051313358078377,1.0,47bZfqrl,4,Vaccination rate_Rate of illness,scatter
89,1.0,1582574109618,1582574098073,draw2,0.18165640949955564,1.0,47bZfqrl,4,Vaccination rate_Rate of illness,scatter
90,1.0,1582574138910,1582574126293,draw1,0.3764293989796039,1.0,47bZfqrl,5,Temperature_Crime rate,line
91,0.8874505500395673,1582574149618,1582574142261,draw2,0.18718845258373618,1.0,47bZfqrl,5,Temperature_Crime rate,line
92,-0.7355897631835191,1582574170034,1582574151661,draw1,-1.0,0.0354853325271931,47bZfqrl,6,Temperature_Sales of Mittens,line
93,-0.9529100848369276,1582574180953,1582574173232,draw2,-1.0,-0.6821635106483817,47bZfqrl,6,Temperature_Sales of Mittens,line
94,1.0,1582574216931,1582574183412,draw1,0.4830517700637478,1.0,47bZfqrl,7,Yearly income_Height,line
95,0.978906568299807,1582574228995,1582574220098,draw2,0.5771113389851656,1.0,47bZfqrl,7,Yearly income_Height,line
96,1.0,1582574237052,1582574230898,draw1,0.1758197397232415,1.0,47bZfqrl,8,Weight_Price,line
97,0.33256153644337116,1582574264173,1582574240333,draw2,0.09492174707974876,0.5702013258069936,47bZfqrl,8,Weight_Price,line
98,0.9081954762851228,1582574273049,1582574265757,draw1,0.4303230231661592,1.0,47bZfqrl,9,Exercise amount_Body weight,line
99,1.0,1582574284581,1582574277769,draw2,0.6764850172752561,1.0,47bZfqrl,9,Exercise amount_Body weight,line
100,0.3185724416257425,1582573873588,1582573771702,draw1,-0.36285511674851506,1.0,bqcBNlzt,0,Weight_Price,scatter
101,0.3790400739852884,1582573956770,1582573934776,draw2,-0.2060109067087827,0.9640910546793597,bqcBNlzt,0,Weight_Price,scatter
102,0.726163201741997,1582573983983,1582573960943,draw1,-0.2795184467881342,1.0,bqcBNlzt,1,Exercise amount_Body weight,scatter
103,-0.7491955221205711,1582574021173,1582573993956,draw2,-1.0,0.5499358956966647,bqcBNlzt,1,Exercise amount_Body weight,scatter
104,-1.0,1582574058899,1582574023771,draw1,-1.0,0.15530925680437235,bqcBNlzt,2,Temperature_Sales of Mittens,scatter
105,-0.7336121460954643,1582574069990,1582574063831,draw2,-1.0,0.517124820404461,bqcBNlzt,2,Temperature_Sales of Mittens,scatter
106,-0.8331505159423374,1582574087144,1582574074117,draw1,-1.0,0.10343678804613377,bqcBNlzt,3,Temperature_Crime rate,scatter
107,-0.7310174357281078,1582574099900,1582574092325,draw2,-1.0,0.3628858033901836,bqcBNlzt,3,Temperature_Crime rate,scatter
108,0.012300384242940998,1582574126742,1582574105182,draw1,-0.27007444952726334,0.29467521801314556,bqcBNlzt,4,Yearly income_Height,scatter
109,-0.0004858498835927372,1582574135317,1582574129613,draw2,-0.24723675363710157,0.24626505386991582,bqcBNlzt,4,Yearly income_Height,scatter
110,-0.5489367432207937,1582574191911,1582574149899,draw1,-0.958225539023642,-0.139647947417945,bqcBNlzt,5,Vaccination rate_Rate of illness,band
111,-0.6177551542511956,1582574203295,1582574195533,draw2,-1.0,-0.23551030850239135,bqcBNlzt,5,Vaccination rate_Rate of illness,band
112,-0.39231993799594317,1582574223621,1582574205611,draw1,-0.7154074233207406,-0.06923245267114564,bqcBNlzt,6,Income tax rate_Poverty rate,band
113,-0.16698843190929868,1582574235290,1582574226603,draw2,-0.6551280018737164,0.3211511380551191,bqcBNlzt,6,Income tax rate_Poverty rate,band
114,0.7604130191962744,1582574258135,1582574237888,draw1,0.5208260383925489,1.0,bqcBNlzt,7,Labor union participation_Corporate profits,band
115,0.6336742970039122,1582574270869,1582574264501,draw2,0.25870015912862976,1.0,bqcBNlzt,7,Labor union participation_Corporate profits,band
116,-0.5003115276995262,1582574290216,1582574273188,draw1,-0.8566081453365264,-0.1440149100625263,bqcBNlzt,8,Government spending_Budget deficit,band
117,0.5695554365370679,1582574303970,1582574294557,draw2,0.24996350280159163,0.8891473702725439,bqcBNlzt,8,Government spending_Budget deficit,band
118,0.5157656134167559,1582574355762,1582574306011,draw1,0.07692114079172141,0.9546100860417905,bqcBNlzt,9,Immigrant population_Economic growth,band
119,0.40287109898701745,1582574364573,1582574359015,draw2,-0.056943860393107615,0.8626860583671423,bqcBNlzt,9,Immigrant population_Economic growth,band
120,0.28701843227860935,1582573939654,1582573780554,draw1,-0.18451219577957545,0.7585490603367941,9soGvRWk,0,Income tax rate_Poverty rate,scatter
121,-0.7927483425783068,1582573968036,1582573949424,draw2,-1.0,-0.37971335715237986,9soGvRWk,0,Income tax rate_Poverty rate,scatter
122,-0.2889901306447631,1582574007802,1582573974492,draw1,-0.993492748600604,0.4155124873110778,9soGvRWk,1,Labor union participation_Corporate profits,scatter
123,-0.6200341225544237,1582574050977,1582574020323,draw2,-1.0,-0.18913888755031877,9soGvRWk,1,Labor union participation_Corporate profits,scatter
124,0.6898727961818638,1582574107089,1582574056116,draw1,0.37974559236372785,1.0,9soGvRWk,2,Government spending_Budget deficit,scatter
125,0.8066749080936435,1582574134552,1582574118640,draw2,0.6804890420085956,0.9328607741786918,9soGvRWk,2,Government spending_Budget deficit,scatter
126,1.0,1582574154067,1582574138619,draw1,0.8732321027796321,1.0,9soGvRWk,3,Immigrant population_Economic growth,scatter
127,0.7563453394523036,1582574167962,1582574158612,draw2,0.17675832131984093,1.0,9soGvRWk,3,Immigrant population_Economic growth,scatter
128,-0.7786945938317622,1582574192394,1582574172427,draw1,-0.9156822800305751,-0.6417069076329494,9soGvRWk,4,Vaccination rate_Rate of illness,scatter
129,-1.0,1582574201811,1582574195663,draw2,-1.0,-0.9182083961548788,9soGvRWk,4,Vaccination rate_Rate of illness,scatter
130,-0.020978361720661365,1582574268549,1582574238310,draw1,-0.10392302401941467,0.06196630057809194,9soGvRWk,5,Temperature_Crime rate,hop
131,0.9775480702562018,1582574294787,1582574286006,draw2,-0.3590891360843988,1.0,9soGvRWk,5,Temperature_Crime rate,hop
132,0.11582444585775109,1582574325091,1582574298068,draw1,-0.013936843167910273,0.24558573488341273,9soGvRWk,6,Yearly income_Height,hop
133,-0.7711362366033516,1582574344621,1582574333466,draw2,-1.0,-0.0690386375605963,9soGvRWk,6,Yearly income_Height,hop
134,0.7955381817079965,1582574358455,1582574348427,draw1,0.6263258929052837,0.9647504705107091,9soGvRWk,7,Weight_Price,hop
135,0.8825356368525952,1582574369318,1582574361838,draw2,0.7600905821637551,1.0,9soGvRWk,7,Weight_Price,hop
136,-0.9374487205299256,1582574387736,1582574375071,draw1,-1.0,-0.865355828356037,9soGvRWk,8,Exercise amount_Body weight,hop
137,-0.6248578401507523,1582574401513,1582574393610,draw2,-1.0,0.552666968103855,9soGvRWk,8,Exercise amount_Body weight,hop
138,-0.9329026338014981,1582574420267,1582574406800,draw1,-1.0,-0.8234035197217271,9soGvRWk,9,Temperature_Sales of Mittens,hop
139,-0.9503972423562148,1582574429897,1582574424228,draw2,-1.0,-0.8736968705190438,9soGvRWk,9,Temperature_Sales of Mittens,hop
140,0.11226317219526427,1582573555369,1582573533722,draw1,-0.27104916232753823,0.49557550671806694,FMShVsVj,0,Labor union participation_Corporate profits,scatter
141,0.19403208768789448,1582573574004,1582573563170,draw2,-0.18409429316597542,0.5721584685417642,FMShVsVj,0,Labor union participation_Corporate profits,scatter
142,-1.0,1582573583265,1582573577148,draw1,-1.0,-1.0,FMShVsVj,1,Vaccination rate_Rate of illness,scatter
143,-1.0,1582573593700,1582573586371,draw2,-1.0,-1.0,FMShVsVj,1,Vaccination rate_Rate of illness,scatter
144,0.9259171583694057,1582573605910,1582573596833,draw1,0.6218280776499594,1.0,FMShVsVj,2,Immigrant population_Economic growth,scatter
145,0.7126373941906246,1582573614660,1582573609474,draw2,0.4252747883812491,1.0,FMShVsVj,2,Immigrant population_Economic growth,scatter
146,0.44428853054529394,1582573625798,1582573618931,draw1,0.1496627346484698,0.7389143264421181,FMShVsVj,3,Government spending_Budget deficit,scatter
147,0.8620366611671082,1582573631804,1582573628473,draw2,0.7383381118560419,0.9857352104781745,FMShVsVj,3,Government spending_Budget deficit,scatter
148,0.8999377471806875,1582573641880,1582573634610,draw1,0.7183144550715559,1.0,FMShVsVj,4,Income tax rate_Poverty rate,scatter
149,0.61044442129614,1582573658609,1582573653518,draw2,0.22088884259227992,1.0,FMShVsVj,4,Income tax rate_Poverty rate,scatter
150,0.027063975735200696,1582573718782,1582573708147,draw1,-0.5174320449326382,0.5715599964030396,FMShVsVj,5,Weight_Price,line
151,0.8661680572194654,1582573733931,1582573727623,draw2,0.7011361699153378,1.0,FMShVsVj,5,Weight_Price,line
152,-1.0,1582573748078,1582573738582,draw1,-1.0,-0.7247568127028166,FMShVsVj,6,Temperature_Sales of Mittens,line
153,-0.9714491203633322,1582573758102,1582573752775,draw2,-1.0,-0.9310177098069945,FMShVsVj,6,Temperature_Sales of Mittens,line
154,0.2501760470707406,1582573773261,1582573760344,draw1,-0.062292431477823706,0.5626445256193051,FMShVsVj,7,Temperature_Crime rate,line
155,0.2801027923952555,1582573781247,1582573776320,draw2,0.08873383097066312,0.47147175381984807,FMShVsVj,7,Temperature_Crime rate,line
156,0.26738874343053953,1582573790035,1582573784164,draw1,-0.3060205202140543,0.8407980070751333,FMShVsVj,8,Yearly income_Height,line
157,0.042335700932480735,1582573799416,1582573794322,draw2,-0.048236681307464,0.13290808317242542,FMShVsVj,8,Yearly income_Height,line
158,-0.2786340316621041,1582573813027,1582573803567,draw1,-0.7526629997517027,0.1953949364274945,FMShVsVj,9,Exercise amount_Body weight,line
159,-0.4678795950110517,1582573821396,1582573816409,draw2,-0.9421873191880712,0.006428129165968022,FMShVsVj,9,Exercise amount_Body weight,line
160,1.0,1582573583708,1582573554465,draw1,0.5336519462698455,1.0,jatXIi6m,0,Weight_Price,scatter
161,0.9956826728902854,1582573603335,1582573587570,draw2,0.6952445344969287,1.0,jatXIi6m,0,Weight_Price,scatter
162,-0.9901656250617865,1582573620458,1582573606747,draw1,-1.0,0.004103643423390313,jatXIi6m,1,Exercise amount_Body weight,scatter
163,-0.9907782885916423,1582573640140,1582573624330,draw2,-1.0,0.004751550016310668,jatXIi6m,1,Exercise amount_Body weight,scatter
164,-1.0,1582573662343,1582573642416,draw1,-1.0,0.10150631250846032,jatXIi6m,2,Temperature_Crime rate,scatter
165,0.9685280268796665,1582573673213,1582573666878,draw2,-0.032255149601681465,1.0,jatXIi6m,2,Temperature_Crime rate,scatter
166,-0.9882068851087107,1582573697460,1582573676179,draw1,-1.0,-0.030480417515571345,jatXIi6m,3,Temperature_Sales of Mittens,scatter
167,-1.0,1582573708864,1582573701342,draw2,-1.0,-0.7909641137089554,jatXIi6m,3,Temperature_Sales of Mittens,scatter
168,0.021774457103796108,1582573720545,1582573711126,draw1,-1.0,1.0,jatXIi6m,4,Yearly income_Height,scatter
169,0.011546305783260324,1582573734084,1582573723864,draw2,-0.9769073884334796,1.0,jatXIi6m,4,Yearly income_Height,scatter
170,1.0,1582573759690,1582573749359,draw1,-0.12810215696069083,1.0,jatXIi6m,5,Vaccination rate_Rate of illness,band
171,-0.9534338882867286,1582573771358,1582573763181,draw2,-1.0,-0.48566034101371547,jatXIi6m,5,Vaccination rate_Rate of illness,band
172,0.8315086008646984,1582573793511,1582573773189,draw1,-1.0,1.0,jatXIi6m,6,Income tax rate_Poverty rate,band
173,-0.018233634097912843,1582573801115,1582573795909,draw2,-0.6545818728715704,0.6181146046757444,jatXIi6m,6,Income tax rate_Poverty rate,band
174,,1582573815757,1582573803120,draw1,1.0,1.0,jatXIi6m,7,Government spending_Budget deficit,band
175,1.0,1582573826527,1582573818167,draw2,0.6202916593170944,1.0,jatXIi6m,7,Government spending_Budget deficit,band
176,1.0,1582573841160,1582573828598,draw1,-1.0,1.0,jatXIi6m,8,Immigrant population_Economic growth,band
177,0.3609864907555851,1582573848212,1582573843778,draw2,-0.3135048983631043,1.0,jatXIi6m,8,Immigrant population_Economic growth,band
178,-1.0,1582573877095,1582573849988,draw1,-1.0,-0.23792750214366154,jatXIi6m,9,Labor union participation_Corporate profits,band
179,-0.38949389200075263,1582573883421,1582573879523,draw2,-0.7834211669617748,0.004433382960269849,jatXIi6m,9,Labor union participation_Corporate profits,band
180,0.1918758727164982,1582573616561,1582573592001,draw1,0.05231567719734387,0.33143606823565275,4wDZVPix,0,Yearly income_Height,scatter
181,-0.0012133721081641347,1582573637065,1582573626042,draw2,-0.07831980997475835,0.07589306575843024,4wDZVPix,0,Yearly income_Height,scatter
182,-0.7044538014697694,1582573655672,1582573640419,draw1,-0.824042057691627,-0.5848655452479119,4wDZVPix,1,Exercise amount_Body weight,scatter
183,-0.9342320054213897,1582573668192,1582573660331,draw2,-1.0,-0.8684640108427797,4wDZVPix,1,Exercise amount_Body weight,scatter
184,0.38328567764793675,1582573684337,1582573671023,draw1,0.10689302745176055,0.6596783278441132,4wDZVPix,2,Temperature_Crime rate,scatter
185,1.0,1582573693675,1582573688189,draw2,0.8773501063094158,1.0,4wDZVPix,2,Temperature_Crime rate,scatter
186,-1.0,1582573704033,1582573696726,draw1,-1.0,-0.7994459912889074,4wDZVPix,3,Temperature_Sales of Mittens,scatter
187,-0.9909596676996539,1582573711993,1582573707571,draw2,-1.0,-0.920169573892434,4wDZVPix,3,Temperature_Sales of Mittens,scatter
188,1.0,1582573721585,1582573714955,draw1,0.8970054649728871,1.0,4wDZVPix,4,Weight_Price,scatter
189,1.0,1582573729074,1582573724194,draw2,0.9320554253662072,1.0,4wDZVPix,4,Weight_Price,scatter
190,0.8628788547498845,1582573771511,1582573765214,draw1,0.7202538126507831,1.0,4wDZVPix,5,Government spending_Budget deficit,hop
191,1.0,1582573780663,1582573775358,draw2,0.9214380797360446,1.0,4wDZVPix,5,Government spending_Budget deficit,hop
192,0.48308859371550383,1582573794391,1582573786361,draw1,0.19047530047114836,0.7757018869598595,4wDZVPix,6,Immigrant population_Economic growth,hop
193,0.5611673527659471,1582573824790,1582573799265,draw2,0.4880357615091877,0.634298944022706,4wDZVPix,6,Immigrant population_Economic growth,hop
194,-0.7752806649004231,1582573837123,1582573827725,draw1,-0.9043872096142913,-0.6461741201865547,4wDZVPix,7,Vaccination rate_Rate of illness,hop
195,-1.0,1582573844930,1582573841330,draw2,-1.0,-1.0,4wDZVPix,7,Vaccination rate_Rate of illness,hop
196,-0.3601403341172639,1582573859061,1582573851102,draw1,-1.0,0.27971933176547226,4wDZVPix,8,Income tax rate_Poverty rate,hop
197,-0.06671972961902245,1582573876519,1582573870577,draw2,-0.2656321349056489,0.13219267566760418,4wDZVPix,8,Income tax rate_Poverty rate,hop
198,-0.5071144991142442,1582573887624,1582573882060,draw1,-0.6646052171311476,-0.3496237810973408,4wDZVPix,9,Labor union participation_Corporate profits,hop
199,-0.47011679226361874,1582573896470,1582573892372,draw2,-0.7036167233576016,-0.23661686116963598,4wDZVPix,9,Labor union participation_Corporate profits,hop
200,0.3383435885765129,1582573595439,1582573574022,draw1,0.1275948107288296,0.5490923664241965,CNk5LdPo,0,Temperature_Crime rate,scatter
201,1.0,1582573612175,1582573605767,draw2,0.8065580218199089,1.0,CNk5LdPo,0,Temperature_Crime rate,scatter
202,0.20042252471668598,1582573637533,1582573618046,draw1,0.0437954266412639,0.35704962279210806,CNk5LdPo,1,Exercise amount_Body weight,scatter
203,-0.8023154950506954,1582573653402,1582573643983,draw2,-0.9934882380609109,-0.61114275204048,CNk5LdPo,1,Exercise amount_Body weight,scatter
204,0.9451638306343806,1582573671429,1582573657477,draw1,0.7629344895667625,1.0,CNk5LdPo,2,Weight_Price,scatter
205,1.0,1582573680706,1582573675084,draw2,1.0,1.0,CNk5LdPo,2,Weight_Price,scatter
206,-0.8722565115565526,1582573699814,1582573684710,draw1,-0.9187853865928459,-0.8257276365202593,CNk5LdPo,3,Temperature_Sales of Mittens,scatter
207,-1.0,1582573709733,1582573702718,draw2,-1.0,-1.0,CNk5LdPo,3,Temperature_Sales of Mittens,scatter
208,-0.03151959319998365,1582573724908,1582573713116,draw1,-0.0659783043640263,0.0029391179640589904,CNk5LdPo,4,Yearly income_Height,scatter
209,0.019404368559643004,1582573733944,1582573728292,draw2,0.019404368559643004,0.019404368559643004,CNk5LdPo,4,Yearly income_Height,scatter
210,-0.4816697158279415,1582573770492,1582573758657,draw1,-0.8162085895283184,-0.14713084212756472,CNk5LdPo,5,Labor union participation_Corporate profits,line
211,-0.6588372962082285,1582573781979,1582573777888,draw2,-0.6588372962082285,-0.6588372962082285,CNk5LdPo,5,Labor union participation_Corporate profits,line
212,-0.47922149251928126,1582573805608,1582573783829,draw1,-0.74035907854479,-0.21808390649377246,CNk5LdPo,6,Vaccination rate_Rate of illness,line
213,-1.0,1582573815739,1582573809910,draw2,-1.0,-0.9144117942148797,CNk5LdPo,6,Vaccination rate_Rate of illness,line
214,0.5929151674053805,1582573831740,1582573819917,draw1,0.030700373482973387,1.0,CNk5LdPo,7,Government spending_Budget deficit,line
215,1.0,1582573840230,1582573835333,draw2,1.0,1.0,CNk5LdPo,7,Government spending_Budget deficit,line
216,0.3221169770122623,1582573852158,1582573843891,draw1,0.08111835540603352,0.5631155986184913,CNk5LdPo,8,Immigrant population_Economic growth,line
217,0.33382228361457833,1582573859721,1582573854728,draw2,0.14301384107205606,0.5246307261571006,CNk5LdPo,8,Immigrant population_Economic growth,line
218,-0.8934291032910431,1582573883220,1582573864234,draw1,-1.0,-0.46588292823533,CNk5LdPo,9,Income tax rate_Poverty rate,line
219,0.14089706025949855,1582573895265,1582573888776,draw2,0.02965894009421932,0.2521351804247778,CNk5LdPo,9,Income tax rate_Poverty rate,line
220,0.1444463027251648,1582573692266,1582573673461,draw1,-0.0019306707872919215,0.2908232762376215,NuvZSfBV,0,Temperature_Sales of Mittens,scatter
221,-0.31550892956836035,1582573744156,1582573724846,draw2,-0.4062021915586411,-0.22481566757807947,NuvZSfBV,0,Temperature_Sales of Mittens,scatter
222,0.29711845097464296,1582573760451,1582573749428,draw1,0.2355440835053635,0.3586928184439224,NuvZSfBV,1,Temperature_Crime rate,scatter
223,0.604077629410819,1582573770216,1582573764130,draw2,0.5142137619023393,0.6939414969192992,NuvZSfBV,1,Temperature_Crime rate,scatter
224,0.5584754306820265,1582573782385,1582573775099,draw1,0.43076696941866244,0.6861838919453902,NuvZSfBV,2,Yearly income_Height,scatter
225,0.551709584620274,1582573797923,1582573786275,draw2,0.45436545478091395,0.6490537144596342,NuvZSfBV,2,Yearly income_Height,scatter
226,-0.002913152596006441,1582573822261,1582573802511,draw1,-0.014749787398037784,0.00892348220602468,NuvZSfBV,3,Exercise amount_Body weight,scatter
227,0.00960990311511778,1582573833979,1582573827990,draw2,-0.002607955366498549,0.021827761596734385,NuvZSfBV,3,Exercise amount_Body weight,scatter
228,1.0,1582573847870,1582573840599,draw1,0.901361319003076,1.0,NuvZSfBV,4,Weight_Price,scatter
229,1.0,1582573860143,1582573852493,draw2,0.8273465110672495,1.0,NuvZSfBV,4,Weight_Price,scatter
230,-0.0034663061404324735,1582573902841,1582573888553,draw1,-0.015777125592496777,0.008844513311631719,NuvZSfBV,5,Immigrant population_Economic growth,hop
231,0.6000706290341871,1582573927121,1582573919405,draw2,0.5456310547088719,0.654510203359502,NuvZSfBV,5,Immigrant population_Economic growth,hop
232,0.014076403570248974,1582573941646,1582573932411,draw1,-0.0762341193703126,0.10438692651081038,NuvZSfBV,6,Income tax rate_Poverty rate,hop
233,0.4027626807438116,1582573957736,1582573948633,draw2,0.3721093488427416,0.4334160126448816,NuvZSfBV,6,Income tax rate_Poverty rate,hop
234,-0.2884303765502987,1582573974153,1582573962716,draw1,-0.3975382481374061,-0.17932250496319146,NuvZSfBV,7,Labor union participation_Corporate profits,hop
235,-0.2669612495039418,1582573982498,1582573978525,draw2,-0.35173539648367186,-0.1821871025242116,NuvZSfBV,7,Labor union participation_Corporate profits,hop
236,1.0,1582573993327,1582573986930,draw1,1.0,1.0,NuvZSfBV,8,Government spending_Budget deficit,hop
237,0.9468895966334339,1582574002290,1582573996885,draw2,0.8937791932668675,1.0,NuvZSfBV,8,Government spending_Budget deficit,hop
238,0.02227944321005526,1582574019050,1582574007587,draw1,-0.07988217309361123,0.12444105951372197,NuvZSfBV,9,Vaccination rate_Rate of illness,hop
239,0.027712150259577184,1582574026609,1582574022289,draw2,-0.07989879895437374,0.13532309947352816,NuvZSfBV,9,Vaccination rate_Rate of illness,hop
240,-0.2231395803296683,1582573709228,1582573637391,draw1,-0.5422105258673455,0.09593136520800893,NPjJsmFn,0,Labor union participation_Corporate profits,scatter
241,-0.004156694201013389,1582573743219,1582573725231,draw2,-0.7941938243004891,0.7858804358984626,NPjJsmFn,0,Labor union participation_Corporate profits,scatter
242,0.7604256183161735,1582573763684,1582573746279,draw1,0.5058757661265474,1.0,NPjJsmFn,1,Immigrant population_Economic growth,scatter
243,0.8392217747049333,1582573780815,1582573769778,draw2,0.7263736180005562,0.9520699314093102,NPjJsmFn,1,Immigrant population_Economic growth,scatter
244,1.0,1582573790233,1582573783141,draw1,0.8588069596196508,1.0,NPjJsmFn,2,Government spending_Budget deficit,scatter
245,1.0,1582573798702,1582573792904,draw2,0.9085640171612575,1.0,NPjJsmFn,2,Government spending_Budget deficit,scatter
246,-0.5633454179292252,1582573837527,1582573826011,draw1,-0.7267362417504075,-0.39995459410804296,NPjJsmFn,3,Vaccination rate_Rate of illness,scatter
247,-1.0,1582573844116,1582573840625,draw2,-1.0,-0.8068251908889061,NPjJsmFn,3,Vaccination rate_Rate of illness,scatter
248,-0.29573853528755634,1582573858982,1582573845750,draw1,-0.837436946148922,0.24595987557380905,NPjJsmFn,4,Income tax rate_Poverty rate,scatter
249,-0.13300780072513763,1582573872782,1582573866404,draw2,-0.3385497436166631,0.07253414216638787,NPjJsmFn,4,Income tax rate_Poverty rate,scatter
250,0.5664214144188677,1582573941693,1582573925083,draw1,0.22554549843922533,0.9072973303985097,NPjJsmFn,5,Temperature_Crime rate,band
251,1.0,1582573962109,1582573951482,draw2,0.23459387976821033,1.0,NPjJsmFn,5,Temperature_Crime rate,band
252,-0.15313432985064462,1582573976440,1582573966076,draw1,-0.722739813957386,0.4164711542560968,NPjJsmFn,6,Exercise amount_Body weight,band
253,-0.4388744887010363,1582573984948,1582573981881,draw2,-0.7017108244799952,-0.17603815292207736,NPjJsmFn,6,Exercise amount_Body weight,band
254,0.5460602027642134,1582573996804,1582573987463,draw1,0.2979271852709937,0.7941932202574327,NPjJsmFn,7,Yearly income_Height,band
255,0.15467997198449135,1582574004052,1582574000458,draw2,-0.2112807043578812,0.5206406483268637,NPjJsmFn,7,Yearly income_Height,band
256,-0.8739023959901384,1582574020322,1582574009854,draw1,-1.0,-0.7425276817198734,NPjJsmFn,8,Temperature_Sales of Mittens,band
257,-0.9402919097086646,1582574027275,1582574023592,draw2,-1.0,-0.8533322775618495,NPjJsmFn,8,Temperature_Sales of Mittens,band
258,0.7055367072082339,1582574037133,1582574029162,draw1,0.4134541349508545,0.9976192794656138,NPjJsmFn,9,Weight_Price,band
259,0.8427795582129558,1582574047829,1582574040373,draw2,0.7062857542374135,0.9792733621884979,NPjJsmFn,9,Weight_Price,band
260,0.2375643178687703,1582573730654,1582573667006,draw1,-0.40028147402844766,0.8754101097659883,JhJxFXCK,0,Temperature_Crime rate,scatter
261,0.514178809076828,1582573752071,1582573738733,draw2,0.1800181649790653,0.8483394531745907,JhJxFXCK,0,Temperature_Crime rate,scatter
262,-0.6559867462389648,1582573779052,1582573755816,draw1,-0.8914610935489751,-0.4205123989289543,JhJxFXCK,1,Exercise amount_Body weight,scatter
263,-0.7113453435173858,1582573790404,1582573782735,draw2,-0.8688403528543454,-0.5538503341804262,JhJxFXCK,1,Exercise amount_Body weight,scatter
264,0.20732420612343838,1582573803306,1582573794978,draw1,-0.5422621733938044,0.9569105856406812,JhJxFXCK,2,Yearly income_Height,scatter
265,0.010135214623101074,1582573816423,1582573808683,draw2,-0.1010146692448251,0.12128509849102698,JhJxFXCK,2,Yearly income_Height,scatter
266,-0.806101203509846,1582573829081,1582573821534,draw1,-0.9981813480046773,-0.6140210590150148,JhJxFXCK,3,Temperature_Sales of Mittens,scatter
267,-0.7579747313284473,1582573839849,1582573832872,draw2,-1.0,-0.5084762302048211,JhJxFXCK,3,Temperature_Sales of Mittens,scatter
268,0.7053183811231858,1582573868587,1582573845449,draw1,0.3457018570586452,1.0,JhJxFXCK,4,Weight_Price,scatter
269,0.7146668899474544,1582573877463,1582573871332,draw2,0.4421298656754462,0.9872039142194629,JhJxFXCK,4,Weight_Price,scatter
270,-0.6706920260188403,1582573941672,1582573924437,draw1,-1.0,-0.34138405203768074,JhJxFXCK,5,Vaccination rate_Rate of illness,band
271,-0.7139160175708819,1582573954684,1582573946052,draw2,-0.8711788788036043,-0.5566531563381591,JhJxFXCK,5,Vaccination rate_Rate of illness,band
272,-0.004064322589014624,1582573969093,1582573958515,draw1,-0.35889616709107797,0.35076752191304883,JhJxFXCK,6,Government spending_Budget deficit,band
273,0.6340784534023611,1582573982403,1582573972161,draw2,0.3715235602525544,0.8966333465521681,JhJxFXCK,6,Government spending_Budget deficit,band
274,-0.46485515598662225,1582573995303,1582573986835,draw1,-0.9705210432057072,0.040810731232462816,JhJxFXCK,7,Income tax rate_Poverty rate,band
275,0.07004006379840089,1582574007267,1582573998188,draw2,-0.12658539242897987,0.2666655200257815,JhJxFXCK,7,Income tax rate_Poverty rate,band
276,0.6741223590320524,1582574021067,1582574011252,draw1,0.34824471806410506,1.0,JhJxFXCK,8,Immigrant population_Economic growth,band
277,0.34381710527970766,1582574033806,1582574026514,draw2,0.11768362006157473,0.5699505904978404,JhJxFXCK,8,Immigrant population_Economic growth,band
278,0.5654624682090603,1582574130396,1582574122581,draw1,0.16950675908565316,0.9614181773324675,JhJxFXCK,9,Labor union participation_Corporate profits,band
279,-0.44896418389768966,1582574140777,1582574134287,draw2,-0.7476656821579961,-0.15026268563738343,JhJxFXCK,9,Labor union participation_Corporate profits,band
280,0.882835065244935,1582573992064,1582573953167,draw1,0.7656701304898699,1.0,ELLH7cl3,0,Weight_Price,scatter
281,1.0,1582574040511,1582574028161,draw2,0.8822687453464748,1.0,ELLH7cl3,0,Weight_Price,scatter
282,-0.7001906292622082,1582574086778,1582574053563,draw1,-0.8522233357538527,-0.548157922770564,ELLH7cl3,1,Exercise amount_Body weight,scatter
283,-0.5230549534951188,1582574099976,1582574093399,draw2,-0.7473568505431956,-0.298753056447042,ELLH7cl3,1,Exercise amount_Body weight,scatter
284,1.0,1582574160460,1582574113066,draw1,0.9426825103839096,1.0,ELLH7cl3,2,Temperature_Sales of Mittens,scatter
285,-1.0,1582574181503,1582574165613,draw2,-1.0,-0.9011959321543688,ELLH7cl3,2,Temperature_Sales of Mittens,scatter
286,0.3810262804813027,1582574196945,1582574183691,draw1,0.006072971267617522,0.7559795896949879,ELLH7cl3,3,Yearly income_Height,scatter
287,-0.3421295788222772,1582574213317,1582574203846,draw2,-0.6721134923928098,-0.012145665251744597,ELLH7cl3,3,Yearly income_Height,scatter
288,0.5842304472298745,1582574231448,1582574215406,draw1,0.3789885342749941,0.7894723601847549,ELLH7cl3,4,Temperature_Crime rate,scatter
289,0.6639215338672957,1582574241026,1582574235025,draw2,0.3808674092685129,0.9469756584660787,ELLH7cl3,4,Temperature_Crime rate,scatter
290,0.33116313169675027,1582574293180,1582574265795,draw1,0.1036293637182113,0.5586968996752892,ELLH7cl3,5,Income tax rate_Poverty rate,hop
291,-0.16005716955129395,1582574314367,1582574301327,draw2,-0.4146295003989499,0.09451516129636217,ELLH7cl3,5,Income tax rate_Poverty rate,hop
292,1.0,1582574335990,1582574317013,draw1,0.9245117031447965,1.0,ELLH7cl3,6,Vaccination rate_Rate of illness,hop
293,-0.9381307549418996,1582574351699,1582574345234,draw2,-1.0,-0.7910737902664804,ELLH7cl3,6,Vaccination rate_Rate of illness,hop
294,0.7945546287844882,1582574369102,1582574355730,draw1,0.5738772953045113,1.0,ELLH7cl3,7,Labor union participation_Corporate profits,hop
295,-0.2911809945071222,1582574378251,1582574371265,draw2,-0.4985368863447541,-0.08382510266949028,ELLH7cl3,7,Labor union participation_Corporate profits,hop
296,0.5651152536807906,1582574396630,1582574380669,draw1,0.3851615802643864,0.7450689270971949,ELLH7cl3,8,Immigrant population_Economic growth,hop
297,0.5810242386726439,1582574414630,1582574399738,draw2,0.4299445342152577,0.73210394313003,ELLH7cl3,8,Immigrant population_Economic growth,hop
298,0.40519370905116014,1582574426618,1582574417500,draw1,0.19750333489743643,0.6128840832048841,ELLH7cl3,9,Government spending_Budget deficit,hop
299,0.650003813638226,1582574436818,1582574428988,draw2,0.44869521692198355,0.8513124103544689,ELLH7cl3,9,Government spending_Budget deficit,hop
300,0.3845136791614845,1582573990551,1582573915620,draw1,-0.044686291117467025,0.8137136494404362,EcoTAAf1,0,Income tax rate_Poverty rate,scatter
301,0.06463364046485309,1582574078570,1582574030978,draw2,-0.6091552559911393,0.7384225369208455,EcoTAAf1,0,Income tax rate_Poverty rate,scatter
302,0.859541085008509,1582574133360,1582574089832,draw1,0.5372847173544104,1.0,EcoTAAf1,1,Government spending_Budget deficit,scatter
303,0.9551518450515315,1582574162615,1582574146192,draw2,0.5393835402392098,1.0,EcoTAAf1,1,Government spending_Budget deficit,scatter
304,-1.0,1582574188617,1582574166691,draw1,-1.0,-0.833609610258603,EcoTAAf1,2,Vaccination rate_Rate of illness,scatter
305,-1.0,1582574200896,1582574194741,draw2,-1.0,-0.8647307963737028,EcoTAAf1,2,Vaccination rate_Rate of illness,scatter
306,0.9522008092685244,1582574229459,1582574207003,draw1,0.4175721662524572,1.0,EcoTAAf1,3,Labor union participation_Corporate profits,scatter
307,-0.030285268028674928,1582574249980,1582574238923,draw2,-1.0,1.0,EcoTAAf1,3,Labor union participation_Corporate profits,scatter
308,0.2679808229003302,1582574269427,1582574254082,draw1,-0.11467654450956871,0.6506381903102287,EcoTAAf1,4,Immigrant population_Economic growth,scatter
309,0.09214332256843982,1582574290818,1582574277932,draw2,-0.6845018945184398,0.8687885396553194,EcoTAAf1,4,Immigrant population_Economic growth,scatter
310,-0.27028182345340546,1582574366534,1582574339531,draw1,-1.0,0.5033302953236503,EcoTAAf1,5,Temperature_Crime rate,hop
311,0.3225009023888241,1582574389646,1582574380514,draw2,-0.3549981952223517,1.0,EcoTAAf1,5,Temperature_Crime rate,hop
312,-0.25915097028338807,1582574420989,1582574400862,draw1,-0.8911139214080501,0.372811980841274,EcoTAAf1,6,Exercise amount_Body weight,hop
313,-0.29308307840783177,1582574432726,1582574427072,draw2,-1.0,0.6736728131102201,EcoTAAf1,6,Exercise amount_Body weight,hop
314,0.7767053420367296,1582574454039,1582574443209,draw1,0.5534106840734592,1.0,EcoTAAf1,7,Weight_Price,hop
315,1.0,1582574470072,1582574459063,draw2,0.7189690252520127,1.0,EcoTAAf1,7,Weight_Price,hop
316,0.15244784285526225,1582574489003,1582574475845,draw1,-0.04554396013500345,0.35043964584552767,EcoTAAf1,8,Yearly income_Height,hop
317,-0.04799284363273276,1582574507732,1582574500814,draw2,-1.0,1.0,EcoTAAf1,8,Yearly income_Height,hop
318,-1.0,1582574523543,1582574514835,draw1,-1.0,-0.8748287833784072,EcoTAAf1,9,Temperature_Sales of Mittens,hop
319,-1.0,1582574533753,1582574528002,draw2,-1.0,-0.8424039732807214,EcoTAAf1,9,Temperature_Sales of Mittens,hop
320,0.48620649319476783,1582573985056,1582573893371,draw1,0.2979063641590485,0.6745066222304872,ojklo779,0,Temperature_Crime rate,scatter
321,1.0,1582574045461,1582574002046,draw2,0.870879882961451,1.0,ojklo779,0,Temperature_Crime rate,scatter
322,0.4293426827390736,1582574075480,1582574050786,draw1,0.26566908092306196,0.5930162845550853,ojklo779,1,Exercise amount_Body weight,scatter
323,-0.1898901984239823,1582574115956,1582574099317,draw2,-0.4609817640663904,0.08120136721842575,ojklo779,1,Exercise amount_Body weight,scatter
324,0.0883294413197031,1582574132929,1582574118825,draw1,-0.02387044226622881,0.2005293249056348,ojklo779,2,Yearly income_Height,scatter
325,-0.17241711974893908,1582574150938,1582574137108,draw2,-0.3118738053141436,-0.03296043418373462,ojklo779,2,Yearly income_Height,scatter
326,-0.6617431764328909,1582574172963,1582574154168,draw1,-0.8731088767952451,-0.45037747607053674,ojklo779,3,Weight_Price,scatter
327,0.7382155495951206,1582574197362,1582574186946,draw2,0.5576255079481958,0.9188055912420452,ojklo779,3,Weight_Price,scatter
328,0.823629449192006,1582574221744,1582574200007,draw1,0.7047710993485554,0.9424877990354565,ojklo779,4,Temperature_Sales of Mittens,scatter
329,-0.6692507189430847,1582574262367,1582574251683,draw2,-0.8351188378388499,-0.5033826000473198,ojklo779,4,Temperature_Sales of Mittens,scatter
330,-0.585808438131797,1582574412059,1582574390991,draw1,-0.78882202234663,-0.3827948539169641,ojklo779,5,Vaccination rate_Rate of illness,line
331,-0.8480743095531207,1582574427696,1582574416688,draw2,-1.0,-0.6928269174783388,ojklo779,5,Vaccination rate_Rate of illness,line
332,0.6314788982807642,1582574448008,1582574430455,draw1,0.3789885342749941,0.883969262286534,ojklo779,6,Government spending_Budget deficit,line
333,0.9129857233833851,1582574460400,1582574451988,draw2,0.744988269905791,1.0,ojklo779,6,Government spending_Budget deficit,line
334,0.5701694389888639,1582574490727,1582574472183,draw1,0.4144340263495361,0.7259048516281912,ojklo779,7,Income tax rate_Poverty rate,line
335,0.1531073447746616,1582574511928,1582574496231,draw2,-0.20123001586384254,0.5074447054131654,ojklo779,7,Income tax rate_Poverty rate,line
336,-0.16988667340317254,1582574532962,1582574518218,draw1,-0.34415921721170917,0.004385870405364312,ojklo779,8,Labor union participation_Corporate profits,line
337,-0.1569088296391316,1582574549190,1582574538743,draw2,-0.7378107922928532,0.4239931330145901,ojklo779,8,Labor union participation_Corporate profits,line
338,-0.22473843226861018,1582574565331,1582574553067,draw1,-0.5404726288807029,0.09099576434348244,ojklo779,9,Immigrant population_Economic growth,line
339,0.10401445714873847,1582574589602,1582574571102,draw2,-0.3905173444344068,0.5985462587318839,ojklo779,9,Immigrant population_Economic growth,line
340,0.560463540428692,1582574011494,1582573987492,draw1,0.3099023816966513,0.8110246991607324,89EqZA4B,0,Income tax rate_Poverty rate,scatter
341,-0.5269662815349956,1582574098644,1582574046359,draw2,-0.772317117242985,-0.2816154458270063,89EqZA4B,0,Income tax rate_Poverty rate,scatter
342,-0.5375668899583721,1582574145606,1582574111632,draw1,-0.7400471085822813,-0.33508667133446307,89EqZA4B,1,Vaccination rate_Rate of illness,scatter
343,-0.5160921140268218,1582574187483,1582574160794,draw2,-0.7214382321116553,-0.3107459959419885,89EqZA4B,1,Vaccination rate_Rate of illness,scatter
344,0.4944543659006415,1582574219624,1582574191696,draw1,0.2172726139703436,0.7716361178309394,89EqZA4B,2,Labor union participation_Corporate profits,scatter
345,-0.1252134987506297,1582574247303,1582574234937,draw2,-0.7029218866544475,0.45249488915318836,89EqZA4B,2,Labor union participation_Corporate profits,scatter
346,0.35389742311032735,1582574282330,1582574249956,draw1,0.043804087391020374,0.6639907588296341,89EqZA4B,3,Immigrant population_Economic growth,scatter
347,0.2290267726228623,1582574298374,1582574289171,draw2,0.186799174826769,0.2712543704189556,89EqZA4B,3,Immigrant population_Economic growth,scatter
348,-0.32348099935688973,1582574321324,1582574301103,draw1,-0.4071059715545346,-0.2398560271592451,89EqZA4B,4,Government spending_Budget deficit,scatter
349,-0.5227435209729197,1582574380316,1582574373812,draw2,-0.6790346985212288,-0.3664523434246105,89EqZA4B,4,Government spending_Budget deficit,scatter
350,0.40384685989638225,1582574425235,1582574390890,draw1,0.2864996752400937,0.5211940445526713,89EqZA4B,5,Weight_Price,line
351,0.533506238786952,1582574439475,1582574432183,draw2,0.45921693443387746,0.607795543140027,89EqZA4B,5,Weight_Price,line
352,-0.9162304969068162,1582574479206,1582574441373,draw1,-0.9811097358676226,-0.8513512579460101,89EqZA4B,6,Yearly income_Height,line
353,-0.928341105033935,1582574488654,1582574482565,draw2,-0.9286077776944508,-0.9280744323734191,89EqZA4B,6,Yearly income_Height,line
354,0.5607677710725436,1582574501743,1582574492987,draw1,0.4644579261692561,0.6570776159758309,89EqZA4B,7,Exercise amount_Body weight,line
355,-0.8758712602427361,1582574520515,1582574508908,draw2,-0.9106667024545732,-0.8410758180308993,89EqZA4B,7,Exercise amount_Body weight,line
356,-0.7967553962459344,1582574542229,1582574522634,draw1,-1.0,-0.44167135889933107,89EqZA4B,8,Temperature_Crime rate,line
357,-0.7150535089526506,1582574554175,1582574545659,draw2,-0.7978034899711957,-0.6323035279341056,89EqZA4B,8,Temperature_Crime rate,line
358,-0.9309374738682523,1582574567266,1582574556540,draw1,-0.9854068162765326,-0.8764681314599718,89EqZA4B,9,Temperature_Sales of Mittens,line
359,-0.9082895198539191,1582574575951,1582574569476,draw2,-0.9556730000862586,-0.8609060396215797,89EqZA4B,9,Temperature_Sales of Mittens,line
360,0.7403644243171363,1582574090291,1582573953204,draw1,0.3666474846854193,1.0,tQYQVzvl,0,Immigrant population_Economic growth,scatter
361,0.7006887554283165,1582574149133,1582574110835,draw2,0.29394948180034697,1.0,tQYQVzvl,0,Immigrant population_Economic growth,scatter
362,-0.3992035308668418,1582574205586,1582574153304,draw1,-0.613154152778685,-0.18525290895499857,tQYQVzvl,1,Vaccination rate_Rate of illness,scatter
363,-0.35922646388075097,1582574237189,1582574211069,draw2,-0.6535588265242003,-0.06489410123730166,tQYQVzvl,1,Vaccination rate_Rate of illness,scatter
364,1.0,1582574277343,1582574239686,draw1,0.789526785528736,1.0,tQYQVzvl,2,Government spending_Budget deficit,scatter
365,1.0,1582574302769,1582574295393,draw2,0.7835342896127233,1.0,tQYQVzvl,2,Government spending_Budget deficit,scatter
366,0.6085235895119085,1582574327413,1582574309306,draw1,0.2170471790238171,1.0,tQYQVzvl,3,Labor union participation_Corporate profits,scatter
367,-1.0,1582574338710,1582574331518,draw2,-1.0,-0.5504470601663685,tQYQVzvl,3,Labor union participation_Corporate profits,scatter
368,1.0,1582574352400,1582574341615,draw1,0.5045390072891074,1.0,tQYQVzvl,4,Income tax rate_Poverty rate,scatter
369,0.6537480796080937,1582574375465,1582574356770,draw2,0.49641969750440595,0.8110764617117816,tQYQVzvl,4,Income tax rate_Poverty rate,scatter
370,-0.5680718756870977,1582574414461,1582574395795,draw1,-0.648141014683745,-0.4880027366904507,tQYQVzvl,5,Exercise amount_Body weight,hop
371,-0.8317101712988881,1582574436551,1582574428397,draw2,-1.0,-0.6634203425977763,tQYQVzvl,5,Exercise amount_Body weight,hop
372,-0.0013530702076864909,1582574468716,1582574438424,draw1,-0.4185748210053768,0.4158686805900036,tQYQVzvl,6,Temperature_Crime rate,hop
373,0.4942014471707681,1582574509125,1582574480302,draw2,0.32677936938501717,0.6616235249565188,tQYQVzvl,6,Temperature_Crime rate,hop
374,1.0,1582574529216,1582574515974,draw1,0.2647068410727227,1.0,tQYQVzvl,7,Yearly income_Height,hop
375,0.16377544441610348,1582574544429,1582574537010,draw2,-0.029505475933384817,0.3570563647655922,tQYQVzvl,7,Yearly income_Height,hop
376,-1.0,1582574570392,1582574549794,draw1,-1.0,-0.690290272256364,tQYQVzvl,8,Temperature_Sales of Mittens,hop
377,-1.0,1582574580747,1582574574508,draw2,-1.0,-0.8786013384925195,tQYQVzvl,8,Temperature_Sales of Mittens,hop
378,1.0,1582574589818,1582574582499,draw1,0.8628210958218554,1.0,tQYQVzvl,9,Weight_Price,hop
379,1.0,1582574598078,1582574593730,draw2,0.8782366813338494,1.0,tQYQVzvl,9,Weight_Price,hop
380,0.731505659785618,1582574073327,1582574025978,draw1,0.2504636653982275,1.0,LAvZmAyb,0,Vaccination rate_Rate of illness,scatter
381,-0.5544878755393832,1582574109742,1582574096151,draw2,-0.8683408264129948,-0.2406349246657713,LAvZmAyb,0,Vaccination rate_Rate of illness,scatter
382,-0.640121634492604,1582574174254,1582574114798,draw1,-0.9314114809052727,-0.3488317880799354,LAvZmAyb,1,Immigrant population_Economic growth,scatter
383,-0.4903454080519895,1582574223382,1582574203732,draw2,-0.8450404850772746,-0.13565033102670437,LAvZmAyb,1,Immigrant population_Economic growth,scatter
384,0.6909667762976772,1582574263439,1582574230755,draw1,0.39639021439341326,0.9855433382019416,LAvZmAyb,2,Government spending_Budget deficit,scatter
385,0.6515847741705234,1582574282207,1582574268576,draw2,0.43771273501933594,0.8654568133217109,LAvZmAyb,2,Government spending_Budget deficit,scatter
386,0.3669379417620666,1582574410870,1582574296424,draw1,0.14967747671449083,0.5841984068096426,LAvZmAyb,3,Income tax rate_Poverty rate,scatter
387,0.14240335747961796,1582574439574,1582574423366,draw2,-0.17441792915809856,0.4592246441173349,LAvZmAyb,3,Income tax rate_Poverty rate,scatter
388,-0.6477723524737709,1582574458741,1582574451301,draw1,-1.0,-0.2955447049475415,LAvZmAyb,4,Labor union participation_Corporate profits,scatter
389,-0.4377044023476755,1582574470023,1582574463084,draw2,-0.7599126202300519,-0.11549618446529925,LAvZmAyb,4,Labor union participation_Corporate profits,scatter
390,0.5167633184228875,1582574493710,1582574485816,draw1,0.18488569738451233,0.8486409394612628,LAvZmAyb,5,Weight_Price,line
391,0.5557087693456901,1582574504143,1582574498569,draw2,0.3508821386225316,0.7605354000688487,LAvZmAyb,5,Weight_Price,line
392,0.10959072342050713,1582574534551,1582574523464,draw1,-0.020205749565048448,0.23938719640606276,LAvZmAyb,6,Temperature_Crime rate,line
393,0.08776244676187317,1582574546142,1582574538419,draw2,-0.13588289265303755,0.3114077861767841,LAvZmAyb,6,Temperature_Crime rate,line
394,-0.8525372784461,1582574563391,1582574550608,draw1,-1.0,-0.5913401715654822,LAvZmAyb,7,Temperature_Sales of Mittens,line
395,-0.7841596309858401,1582574571575,1582574566824,draw2,-1.0,-0.5295331199075961,LAvZmAyb,7,Temperature_Sales of Mittens,line
396,-0.38875973495802296,1582574589814,1582574575779,draw1,-0.5788025522170654,-0.19871691769898048,LAvZmAyb,8,Exercise amount_Body weight,line
397,-0.4907149108728142,1582574602079,1582574594139,draw2,-0.7183490322219739,-0.2630807895236548,LAvZmAyb,8,Exercise amount_Body weight,line
398,0.09738274532660407,1582574616743,1582574608453,draw1,-0.2996378817123407,0.494403372365549,LAvZmAyb,9,Yearly income_Height,line
399,0.12478958382454741,1582574626406,1582574620436,draw2,-0.21125558110916431,0.46083474875825936,LAvZmAyb,9,Yearly income_Height,line
400,-1.0,1582574088981,1582574037107,draw1,-1.0,-0.9368475956150311,B1dGtKfz,0,Vaccination rate_Rate of illness,scatter
401,-0.9309731651923583,1582574148634,1582574104251,draw2,-1.0,-0.8619463303847166,B1dGtKfz,0,Vaccination rate_Rate of illness,scatter
402,-0.5895117798615144,1582574187358,1582574153154,draw1,-0.7625648887462662,-0.4164586709767628,B1dGtKfz,1,Labor union participation_Corporate profits,scatter
403,-0.5123821809640281,1582574199918,1582574192700,draw2,-0.5896972209701765,-0.4350671409578799,B1dGtKfz,1,Labor union participation_Corporate profits,scatter
404,0.6376173375838299,1582574232353,1582574207463,draw1,0.41691596055532143,0.8583187146123386,B1dGtKfz,2,Immigrant population_Economic growth,scatter
405,0.6259656388105093,1582574245978,1582574236192,draw2,0.4737178793841792,0.7782133982368395,B1dGtKfz,2,Immigrant population_Economic growth,scatter
406,-0.00326745105163595,1582574274895,1582574254124,draw1,-0.11193500604219309,0.10540010393892119,B1dGtKfz,3,Income tax rate_Poverty rate,scatter
407,-0.05817337223388813,1582574357867,1582574349499,draw2,-0.18118546219765724,0.06483871772988126,B1dGtKfz,3,Income tax rate_Poverty rate,scatter
408,-0.6459222014973454,1582574389114,1582574362115,draw1,-0.6956764216906506,-0.5961679813040401,B1dGtKfz,4,Government spending_Budget deficit,scatter
409,-0.6573576364921467,1582574433293,1582574422949,draw2,-0.7937414994381533,-0.5209737735461404,B1dGtKfz,4,Government spending_Budget deficit,scatter
410,0.31839927212550845,1582574538837,1582574519142,draw1,0.20125862523487448,0.4355399190161424,B1dGtKfz,5,Exercise amount_Body weight,line
411,-0.5394052096319324,1582574564734,1582574550557,draw2,-0.672885820640492,-0.4059245986233726,B1dGtKfz,5,Exercise amount_Body weight,line
412,0.3891953490317632,1582574647265,1582574572385,draw1,0.26070701303271315,0.5176836850308133,B1dGtKfz,6,Temperature_Sales of Mittens,line
413,-0.926892061524635,1582574666808,1582574651045,draw2,-1.0,-0.8447977322102016,B1dGtKfz,6,Temperature_Sales of Mittens,line
414,1.0,1582574680030,1582574669495,draw1,0.9946370759732635,1.0,B1dGtKfz,7,Weight_Price,line
415,1.0,1582574690867,1582574682943,draw2,0.9265275385525709,1.0,B1dGtKfz,7,Weight_Price,line
416,-0.6891448466857213,1582574709151,1582574693143,draw1,-0.7555506394505722,-0.6227390539208701,B1dGtKfz,8,Temperature_Crime rate,line
417,0.657745550467632,1582574725434,1582574712983,draw2,0.5715566913900492,0.743934409545215,B1dGtKfz,8,Temperature_Crime rate,line
418,-0.0067716047023393955,1582574736876,1582574727718,draw1,-0.13303599202951233,0.11949278262483332,B1dGtKfz,9,Yearly income_Height,line
419,-0.0033137975362657612,1582574746439,1582574741017,draw2,-0.1098391463707929,0.10321155129826165,B1dGtKfz,9,Yearly income_Height,line
420,-0.6465021298440812,1582574040137,1582573982468,draw1,-0.8080220486227625,-0.4849822110653999,LSdIQKjc,0,Temperature_Sales of Mittens,scatter
421,-0.9696962692567221,1582574117093,1582574082086,draw2,-1.0,-0.8700681740997298,LSdIQKjc,0,Temperature_Sales of Mittens,scatter
422,0.9634069015650577,1582574142162,1582574128004,draw1,0.8236295570031955,1.0,LSdIQKjc,1,Weight_Price,scatter
423,1.0,1582574166052,1582574153157,draw2,0.8664508545672402,1.0,LSdIQKjc,1,Weight_Price,scatter
424,0.3473652105724503,1582574206091,1582574171531,draw1,0.011140561705818675,0.6835898594390819,LSdIQKjc,2,Temperature_Crime rate,scatter
425,1.0,1582574231221,1582574221753,draw2,0.4719934256396727,1.0,LSdIQKjc,2,Temperature_Crime rate,scatter
426,0.0630281696900945,1582574308996,1582574282374,draw1,-0.6493104175561415,0.7753667569363305,LSdIQKjc,3,Yearly income_Height,scatter
427,-0.7967967535293661,1582574361824,1582574345120,draw2,-1.0,0.6431040769249352,LSdIQKjc,3,Yearly income_Height,scatter
428,-0.3375593041581672,1582574383616,1582574365516,draw1,-0.5546234110242199,-0.12049519729211428,LSdIQKjc,4,Exercise amount_Body weight,scatter
429,-0.5988240978487562,1582574412353,1582574397329,draw2,-1.0,-0.12410570105434426,LSdIQKjc,4,Exercise amount_Body weight,scatter
430,0.4861898734925143,1582574524602,1582574492584,draw1,0.24949921423824728,0.7228805327467813,LSdIQKjc,5,Income tax rate_Poverty rate,line
431,-0.9289030001980927,1582574626826,1582574550472,draw2,-1.0,-0.23286227643671698,LSdIQKjc,5,Income tax rate_Poverty rate,line
432,1.0,1582574644742,1582574633067,draw1,0.7726712153580113,1.0,LSdIQKjc,6,Government spending_Budget deficit,line
433,1.0,1582574657634,1582574649298,draw2,0.8233809648930961,1.0,LSdIQKjc,6,Government spending_Budget deficit,line
434,0.4962509612921602,1582574678808,1582574669214,draw1,0.23337908599706525,0.7591228365872553,LSdIQKjc,7,Immigrant population_Economic growth,line
435,0.3490808406447943,1582574867763,1582574844531,draw2,-0.26348623828068773,0.9616479195702765,LSdIQKjc,7,Immigrant population_Economic growth,line
436,0.20454582369345164,1582574916422,1582574887587,draw1,-0.1901611311144229,0.5992527785013262,LSdIQKjc,8,Labor union participation_Corporate profits,line
437,-0.3886634827378517,1582574942958,1582574935484,draw2,-0.7221324245656375,-0.05519454091006576,LSdIQKjc,8,Labor union participation_Corporate profits,line
438,0.8127033612217329,1582574956510,1582574946776,draw1,0.5653371868422021,1.0,LSdIQKjc,9,Vaccination rate_Rate of illness,line
439,-0.8515910051675859,1582574974017,1582574967492,draw2,-1.0,-0.7012783570902976,LSdIQKjc,9,Vaccination rate_Rate of illness,line
440,0.3138301975804403,1582574212465,1582574115358,draw1,0.2883864131086873,0.3392739820521933,Yl6p7tn0,0,Temperature_Sales of Mittens,scatter
441,-0.6670675824553358,1582574258349,1582574236928,draw2,-0.9021546071540354,-0.4319805577566362,Yl6p7tn0,0,Temperature_Sales of Mittens,scatter
442,-0.34689104835482626,1582574304036,1582574262451,draw1,-1.0,0.5089525678889186,Yl6p7tn0,1,Temperature_Crime rate,scatter
443,0.6211499224850678,1582574324748,1582574314659,draw2,0.24229984497013546,1.0,Yl6p7tn0,1,Temperature_Crime rate,scatter
444,0.2236622707343534,1582574394316,1582574327592,draw1,0.2236622707343534,0.2236622707343534,Yl6p7tn0,2,Weight_Price,scatter
445,-1.0,1582574438390,1582574410399,draw2,-1.0,-1.0,Yl6p7tn0,2,Weight_Price,scatter
446,-0.988511811856623,1582574469902,1582574443420,draw1,-1.0,1.0,Yl6p7tn0,3,Yearly income_Height,scatter
447,0.6314660656641795,1582574496914,1582574485633,draw2,-0.34642645318067095,1.0,Yl6p7tn0,3,Yearly income_Height,scatter
448,0.6755191434973467,1582574531607,1582574499880,draw1,0.38510354450266204,0.9659347424920317,Yl6p7tn0,4,Exercise amount_Body weight,scatter
449,-0.12514071698042528,1582574544913,1582574535450,draw2,-1.0,0.8546211803903645,Yl6p7tn0,4,Exercise amount_Body weight,scatter
450,-1.0,1582574575450,1582574554008,draw1,-1.0,-0.3437631764058882,Yl6p7tn0,5,Labor union participation_Corporate profits,band
451,-0.996576511442564,1582574602439,1582574578922,draw2,-1.0,-0.9917786917871285,Yl6p7tn0,5,Labor union participation_Corporate profits,band
452,0.00447826016318853,1582574637420,1582574615223,draw1,0.002171580396380657,0.006784939929996625,Yl6p7tn0,6,Income tax rate_Poverty rate,band
453,-0.8157291655345469,1582574665861,1582574641116,draw2,-0.9642740464196051,-0.6671842846494886,Yl6p7tn0,6,Income tax rate_Poverty rate,band
454,-0.9103167346683323,1582574704246,1582574668131,draw1,-1.0,-0.5786631422862816,Yl6p7tn0,7,Immigrant population_Economic growth,band
455,-0.25202089911719744,1582574732590,1582574707292,draw2,-1.0,1.0,Yl6p7tn0,7,Immigrant population_Economic growth,band
456,-1.0,1582574745846,1582574734769,draw1,-1.0,-0.9087535675602574,Yl6p7tn0,8,Government spending_Budget deficit,band
457,0.9096375212683345,1582574771567,1582574754716,draw2,0.897438875509861,0.9218361670268078,Yl6p7tn0,8,Government spending_Budget deficit,band
458,-1.0,1582574819089,1582574775825,draw1,-1.0,-1.0,Yl6p7tn0,9,Vaccination rate_Rate of illness,band
459,1.0,1582574826806,1582574822840,draw2,1.0,1.0,Yl6p7tn0,9,Vaccination rate_Rate of illness,band
460,0.21669417042665629,1582574209004,1582574112387,draw1,0.053428269899740366,0.3799600709535722,p6xvwSTe,0,Yearly income_Height,scatter
461,0.2070912414212045,1582574257528,1582574226206,draw2,0.1879162584097387,0.2262662244326703,p6xvwSTe,0,Yearly income_Height,scatter
462,-0.29930879819425066,1582574298440,1582574263681,draw1,-0.4431790888183744,-0.15543850757012678,p6xvwSTe,1,Temperature_Crime rate,scatter
463,-0.23074442418261792,1582574327444,1582574308183,draw2,-0.24519273104846556,-0.21629611731677012,p6xvwSTe,1,Temperature_Crime rate,scatter
464,0.8206876173684117,1582574387271,1582574335218,draw1,0.6733786168242399,0.9679966179125832,p6xvwSTe,2,Exercise amount_Body weight,scatter
465,0.7630107060985325,1582574409034,1582574397036,draw2,0.7341038410999763,0.7919175710970883,p6xvwSTe,2,Exercise amount_Body weight,scatter
466,-1.0,1582574430538,1582574415178,draw1,-1.0,0.9790667824017958,p6xvwSTe,3,Weight_Price,scatter
467,-0.489586905477956,1582574475583,1582574440471,draw2,-0.6646201343569869,-0.3145536765989252,p6xvwSTe,3,Weight_Price,scatter
468,0.25801260762557465,1582574504387,1582574481100,draw1,0.22088768929605518,0.2951375259550937,p6xvwSTe,4,Temperature_Sales of Mittens,scatter
469,0.3468354178481581,1582574549418,1582574523839,draw2,0.34529934270918194,0.3483714929871342,p6xvwSTe,4,Temperature_Sales of Mittens,scatter
470,0.9640345759300191,1582574628184,1582574588854,draw1,0.9222515910391982,1.0,p6xvwSTe,5,Vaccination rate_Rate of illness,band
471,1.0,1582574659802,1582574641174,draw2,1.0,1.0,p6xvwSTe,5,Vaccination rate_Rate of illness,band
472,-0.500495682969126,1582574685407,1582574665622,draw1,-0.5906922538962347,-0.4102991120420176,p6xvwSTe,6,Income tax rate_Poverty rate,band
473,0.21603563000786274,1582574723802,1582574697053,draw2,0.10634101852897526,0.3257302414867502,p6xvwSTe,6,Income tax rate_Poverty rate,band
474,0.9751225896364635,1582574760851,1582574729541,draw1,0.961940697601618,0.9883044816713089,p6xvwSTe,7,Government spending_Budget deficit,band
475,0.3436009449238364,1582574782974,1582574768586,draw2,0.2882241648384827,0.3989777250091904,p6xvwSTe,7,Government spending_Budget deficit,band
476,-1.0,1582574803439,1582574788397,draw1,-1.0,-1.0,p6xvwSTe,8,Labor union participation_Corporate profits,band
477,-0.6567657629604402,1582574823882,1582574811901,draw2,-0.7069156997115829,-0.6066158262092978,p6xvwSTe,8,Labor union participation_Corporate profits,band
478,0.5431001157449,1582574841776,1582574829533,draw1,0.528540998942967,0.5576592325468335,p6xvwSTe,9,Immigrant population_Economic growth,band
479,0.4683797703326149,1582574860173,1582574848793,draw2,0.3551864332233243,0.5815731074419057,p6xvwSTe,9,Immigrant population_Economic growth,band
